hour,minute,desktop,smartphone,tablet,other
0, -   , 337 , 139 , 141 , 11 
0, 1 , 454 , 132 , 144 , 11 
0, 2 , 436 , 139 , 146 , 11 
0, 3 , 426 , 134 , 142 , 11 
0, 4 , 469 , 137 , 143 , 13 
0, 5 , 429 , 142 , 137 , 13 
0, 6 , 361 , 154 , 139 , 12 
0, 7 , 346 , 151 , 152 , 11 
0, 8 , 344 , 151 , 147 , 11 
0, 9 , 336 , 144 , 145 , 12 
0, 10 , 323 , 145 , 152 , 12 
0, 11 , 320 , 149 , 151 , 11 
0, 12 , 319 , 151 , 147 , 12 
0, 13 , 323 , 150 , 160 , 13 
0, 14 , 367 , 152 , 151 , 14 
0, 15 , 411 , 142 , 162 , 12 
0, 16 , 325 , 143 , 149 , 14 
0, 17 , 306 , 147 , 162 , 12 
0, 18 , 308 , 138 , 148 , 13 
0, 19 , 300 , 134 , 153 , 14 
0, 20 , 309 , 145 , 155 , 12 
0, 21 , 291 , 135 , 155 , 12 
0, 22 , 288 , 138 , 157 , 14 
0, 23 , 350 , 138 , 169 , 12 
0, 24 , 300 , 138 , 157 , 15 
0, 25 , 311 , 145 , 161 , 13 
0, 26 , 320 , 145 , 165 , 14 
0, 27 , 314 , 148 , 158 , 13 
0, 28 , 312 , 147 , 159 , 12 
0, 29 , 303 , 158 , 169 , 11 
0, 30 , 319 , 152 , 163 , 13 
0, 31 , 320 , 147 , 163 , 12 
0, 32 , 304 , 153 , 171 , 13 
0, 33 , 321 , 160 , 164 , 14 
0, 34 , 329 , 139 , 165 , 14 
0, 35 , 294 , 148 , 161 , 11 
0, 36 , 296 , 146 , 166 , 7 
0, 37 , 288 , 139 , 159 , 10 
0, 38 , 347 , 144 , 163 , 11 
0, 39 , 335 , 143 , 169 , 11 
0, 40 , 302 , 144 , 172 , 11 
0, 41 , 301 , 139 , 172 , 12 
0, 42 , 309 , 147 , 164 , 12 
0, 43 , 310 , 142 , 182 , 11 
0, 44 , 321 , 147 , 177 , 13 
0, 45 , 406 , 162 , 189 , 14 
0, 46 , 419 , 179 , 210 , 13 
0, 47 , 392 , 191 , 205 , 16 
0, 48 , 372 , 181 , 211 , 17 
0, 49 , 382 , 191 , 208 , 17 
0, 50 , 402 , 192 , 204 , 15 
0, 51 , 450 , 186 , 208 , 15 
0, 52 , 409 , 192 , 202 , 15 
0, 53 , 424 , 189 , 200 , 17 
0, 54 , 408 , 189 , 200 , 19 
0, 55 , 396 , 190 , 197 , 16 
0, 56 , 375 , 187 , 219 , 16 
0, 57 , 426 , 191 , 216 , 14 
0, 58 , 390 , 201 , 222 , 15 
0, 59 , 389 , 201 , 206 , 17 
1, -   , 414 , 199 , 207 , 16 
1, 1 , 553 , 177 , 217 , 17 
1, 2 , 519 , 189 , 216 , 18 
1, 3 , 512 , 202 , 213 , 16 
1, 4 , 563 , 201 , 214 , 16 
1, 5 , 525 , 207 , 226 , 15 
1, 6 , 456 , 226 , 230 , 18 
1, 7 , 433 , 216 , 203 , 18 
1, 8 , 424 , 220 , 226 , 16 
1, 9 , 429 , 226 , 215 , 19 
1, 10 , 417 , 221 , 217 , 17 
1, 11 , 409 , 224 , 235 , 20 
1, 12 , 411 , 224 , 231 , 18 
1, 13 , 421 , 231 , 240 , 20 
1, 14 , 465 , 239 , 241 , 21 
1, 15 , 496 , 238 , 236 , 21 
1, 16 , 422 , 212 , 227 , 19 
1, 17 , 397 , 235 , 244 , 20 
1, 18 , 385 , 214 , 229 , 19 
1, 19 , 391 , 217 , 222 , 19 
1, 20 , 391 , 231 , 244 , 19 
1, 21 , 392 , 220 , 237 , 20 
1, 22 , 384 , 210 , 232 , 17 
1, 23 , 392 , 210 , 228 , 20 
1, 24 , 378 , 214 , 244 , 20 
1, 25 , 389 , 229 , 235 , 19 
1, 26 , 426 , 216 , 237 , 19 
1, 27 , 417 , 221 , 238 , 21 
1, 28 , 406 , 219 , 239 , 18 
1, 29 , 388 , 206 , 237 , 20 
1, 30 , 393 , 223 , 223 , 16 
1, 31 , 395 , 208 , 224 , 16 
1, 32 , 383 , 210 , 237 , 19 
1, 33 , 405 , 206 , 222 , 16 
1, 34 , 398 , 203 , 239 , 18 
1, 35 , 377 , 202 , 219 , 18 
1, 36 , 375 , 202 , 227 , 17 
1, 37 , 385 , 207 , 229 , 17 
1, 38 , 408 , 206 , 234 , 17 
1, 39 , 410 , 208 , 234 , 19 
1, 40 , 392 , 219 , 235 , 18 
1, 41 , 385 , 203 , 236 , 18 
1, 42 , 371 , 211 , 235 , 18 
1, 43 , 367 , 211 , 240 , 17 
1, 44 , 402 , 201 , 253 , 18 
1, 45 , 420 , 208 , 248 , 18 
1, 46 , 393 , 210 , 231 , 18 
1, 47 , 375 , 204 , 238 , 17 
1, 48 , 367 , 204 , 230 , 20 
1, 49 , 378 , 197 , 232 , 18 
1, 50 , 375 , 201 , 239 , 21 
1, 51 , 440 , 220 , 234 , 17 
1, 52 , 389 , 202 , 232 , 21 
1, 53 , 428 , 212 , 245 , 18 
1, 54 , 398 , 213 , 232 , 17 
1, 55 , 373 , 210 , 232 , 18 
1, 56 , 383 , 205 , 242 , 14 
1, 57 , 430 , 216 , 241 , 17 
1, 58 , 398 , 210 , 258 , 18 
1, 59 , 373 , 199 , 241 , 19 
2, -   , 414 , 189 , 225 , 18 
2, 1 , 539 , 184 , 223 , 14 
2, 2 , 521 , 187 , 234 , 15 
2, 3 , 485 , 184 , 243 , 18 
2, 4 , 529 , 189 , 232 , 17 
2, 5 , 505 , 193 , 234 , 17 
2, 6 , 443 , 207 , 239 , 17 
2, 7 , 418 , 192 , 232 , 19 
2, 8 , 404 , 197 , 235 , 19 
2, 9 , 407 , 193 , 234 , 18 
2, 10 , 389 , 202 , 229 , 17 
2, 11 , 391 , 192 , 248 , 19 
2, 12 , 365 , 197 , 264 , 22 
2, 13 , 382 , 206 , 257 , 19 
2, 14 , 437 , 213 , 252 , 16 
2, 15 , 482 , 204 , 247 , 16 
2, 16 , 405 , 197 , 259 , 17 
2, 17 , 390 , 215 , 240 , 18 
2, 18 , 372 , 206 , 236 , 16 
2, 19 , 368 , 206 , 243 , 17 
2, 20 , 370 , 203 , 246 , 19 
2, 21 , 359 , 195 , 240 , 16 
2, 22 , 364 , 195 , 234 , 17 
2, 23 , 354 , 198 , 242 , 16 
2, 24 , 349 , 198 , 250 , 20 
2, 25 , 376 , 191 , 248 , 17 
2, 26 , 388 , 193 , 240 , 17 
2, 27 , 386 , 190 , 239 , 17 
2, 28 , 376 , 193 , 243 , 19 
2, 29 , 364 , 197 , 234 , 16 
2, 30 , 375 , 197 , 237 , 19 
2, 31 , 377 , 182 , 232 , 16 
2, 32 , 378 , 189 , 249 , 19 
2, 33 , 384 , 184 , 245 , 16 
2, 34 , 391 , 199 , 232 , 16 
2, 35 , 369 , 192 , 233 , 17 
2, 36 , 362 , 192 , 234 , 18 
2, 37 , 358 , 202 , 226 , 18 
2, 38 , 383 , 204 , 237 , 18 
2, 39 , 373 , 195 , 227 , 16 
2, 40 , 362 , 199 , 231 , 16 
2, 41 , 366 , 192 , 242 , 17 
2, 42 , 360 , 195 , 246 , 17 
2, 43 , 347 , 200 , 246 , 16 
2, 44 , 354 , 208 , 239 , 18 
2, 45 , 396 , 202 , 242 , 17 
2, 46 , 372 , 191 , 243 , 17 
2, 47 , 366 , 186 , 237 , 16 
2, 48 , 356 , 183 , 226 , 17 
2, 49 , 357 , 192 , 224 , 14 
2, 50 , 350 , 191 , 230 , 15 
2, 51 , 418 , 197 , 233 , 16 
2, 52 , 379 , 200 , 234 , 17 
2, 53 , 396 , 194 , 230 , 18 
2, 54 , 371 , 192 , 242 , 20 
2, 55 , 353 , 188 , 241 , 17 
2, 56 , 337 , 177 , 239 , 18 
2, 57 , 385 , 181 , 235 , 20 
2, 58 , 358 , 171 , 228 , 17 
2, 59 , 334 , 180 , 236 , 16 
3, -   , 397 , 188 , 223 , 16 
3, 1 , 505 , 176 , 221 , 18 
3, 2 , 487 , 177 , 221 , 15 
3, 3 , 444 , 176 , 208 , 14 
3, 4 , 493 , 180 , 218 , 13 
3, 5 , 468 , 173 , 224 , 17 
3, 6 , 412 , 178 , 213 , 16 
3, 7 , 387 , 177 , 214 , 15 
3, 8 , 363 , 175 , 218 , 14 
3, 9 , 357 , 181 , 223 , 18 
3, 10 , 339 , 188 , 227 , 17 
3, 11 , 334 , 179 , 228 , 17 
3, 12 , 334 , 177 , 213 , 18 
3, 13 , 346 , 180 , 212 , 16 
3, 14 , 396 , 184 , 223 , 18 
3, 15 , 438 , 173 , 216 , 17 
3, 16 , 375 , 178 , 225 , 16 
3, 17 , 349 , 183 , 230 , 17 
3, 18 , 329 , 172 , 218 , 20 
3, 19 , 323 , 170 , 224 , 18 
3, 20 , 343 , 174 , 226 , 18 
3, 21 , 315 , 174 , 213 , 17 
3, 22 , 313 , 175 , 214 , 15 
3, 23 , 353 , 181 , 208 , 16 
3, 24 , 328 , 176 , 206 , 15 
3, 25 , 327 , 162 , 210 , 18 
3, 26 , 339 , 173 , 214 , 20 
3, 27 , 343 , 173 , 214 , 17 
3, 28 , 325 , 180 , 219 , 14 
3, 29 , 321 , 173 , 204 , 16 
3, 30 , 341 , 173 , 207 , 16 
3, 31 , 334 , 174 , 207 , 19 
3, 32 , 312 , 177 , 216 , 18 
3, 33 , 340 , 167 , 208 , 18 
3, 34 , 321 , 167 , 211 , 18 
3, 35 , 316 , 178 , 199 , 15 
3, 36 , 314 , 183 , 194 , 17 
3, 37 , 304 , 179 , 209 , 17 
3, 38 , 352 , 173 , 205 , 14 
3, 39 , 338 , 162 , 196 , 17 
3, 40 , 323 , 171 , 196 , 17 
3, 41 , 305 , 164 , 204 , 18 
3, 42 , 301 , 169 , 193 , 18 
3, 43 , 299 , 172 , 208 , 15 
3, 44 , 308 , 161 , 202 , 15 
3, 45 , 328 , 163 , 205 , 14 
3, 46 , 315 , 170 , 193 , 18 
3, 47 , 297 , 168 , 192 , 16 
3, 48 , 292 , 165 , 182 , 16 
3, 49 , 297 , 160 , 182 , 15 
3, 50 , 299 , 161 , 205 , 17 
3, 51 , 355 , 172 , 195 , 16 
3, 52 , 303 , 158 , 200 , 15 
3, 53 , 322 , 161 , 206 , 16 
3, 54 , 309 , 161 , 195 , 18 
3, 55 , 292 , 163 , 197 , 19 
3, 56 , 288 , 160 , 185 , 14 
3, 57 , 327 , 161 , 184 , 19 
3, 58 , 294 , 155 , 183 , 17 
3, 59 , 278 , 155 , 179 , 17 
4, -   , 317 , 156 , 182 , 13 
4, 1 , 427 , 151 , 175 , 14 
4, 2 , 423 , 149 , 172 , 17 
4, 3 , 387 , 153 , 169 , 16 
4, 4 , 421 , 151 , 170 , 16 
4, 5 , 404 , 156 , 180 , 14 
4, 6 , 357 , 160 , 172 , 16 
4, 7 , 339 , 165 , 170 , 15 
4, 8 , 322 , 155 , 171 , 14 
4, 9 , 301 , 148 , 182 , 16 
4, 10 , 305 , 150 , 175 , 15 
4, 11 , 274 , 147 , 175 , 15 
4, 12 , 292 , 160 , 178 , 16 
4, 13 , 281 , 160 , 178 , 16 
4, 14 , 322 , 148 , 173 , 14 
4, 15 , 352 , 147 , 167 , 14 
4, 16 , 322 , 145 , 159 , 14 
4, 17 , 299 , 159 , 167 , 13 
4, 18 , 275 , 142 , 155 , 16 
4, 19 , 268 , 155 , 158 , 17 
4, 20 , 252 , 143 , 165 , 14 
4, 21 , 249 , 136 , 160 , 15 
4, 22 , 252 , 137 , 156 , 12 
4, 23 , 307 , 138 , 161 , 13 
4, 24 , 251 , 144 , 144 , 14 
4, 25 , 262 , 140 , 149 , 13 
4, 26 , 267 , 146 , 152 , 11 
4, 27 , 275 , 137 , 158 , 14 
4, 28 , 253 , 137 , 155 , 15 
4, 29 , 247 , 130 , 156 , 14 
4, 30 , 252 , 130 , 150 , 17 
4, 31 , 268 , 137 , 152 , 14 
4, 32 , 246 , 142 , 154 , 15 
4, 33 , 260 , 141 , 150 , 15 
4, 34 , 268 , 137 , 139 , 15 
4, 35 , 248 , 141 , 144 , 15 
4, 36 , 237 , 134 , 141 , 15 
4, 37 , 251 , 136 , 135 , 13 
4, 38 , 265 , 133 , 141 , 13 
4, 39 , 258 , 133 , 141 , 14 
4, 40 , 251 , 133 , 129 , 15 
4, 41 , 244 , 136 , 139 , 12 
4, 42 , 242 , 123 , 138 , 13 
4, 43 , 225 , 125 , 134 , 12 
4, 44 , 229 , 131 , 135 , 13 
4, 45 , 262 , 131 , 132 , 13 
4, 46 , 248 , 125 , 126 , 11 
4, 47 , 236 , 131 , 127 , 12 
4, 48 , 232 , 122 , 136 , 12 
4, 49 , 226 , 124 , 131 , 15 
4, 50 , 216 , 123 , 128 , 14 
4, 51 , 275 , 118 , 129 , 15 
4, 52 , 248 , 119 , 132 , 15 
4, 53 , 257 , 114 , 129 , 14 
4, 54 , 228 , 123 , 128 , 14 
4, 55 , 212 , 116 , 117 , 14 
4, 56 , 214 , 119 , 124 , 14 
4, 57 , 252 , 111 , 118 , 9 
4, 58 , 234 , 120 , 124 , 10 
4, 59 , 226 , 125 , 120 , 13 
5, -   , 247 , 122 , 126 , 15 
5, 1 , 353 , 121 , 121 , 12 
5, 2 , 331 , 111 , 129 , 11 
5, 3 , 297 , 114 , 124 , 12 
5, 4 , 309 , 117 , 111 , 11 
5, 5 , 303 , 113 , 116 , 11 
5, 6 , 275 , 113 , 118 , 12 
5, 7 , 261 , 110 , 115 , 14 
5, 8 , 242 , 105 , 112 , 12 
5, 9 , 227 , 105 , 117 , 12 
5, 10 , 224 , 109 , 115 , 12 
5, 11 , 210 , 107 , 108 , 12 
5, 12 , 207 , 111 , 118 , 13 
5, 13 , 205 , 104 , 114 , 13 
5, 14 , 232 , 105 , 118 , 12 
5, 15 , 285 , 99 , 107 , 13 
5, 16 , 223 , 113 , 113 , 11 
5, 17 , 209 , 105 , 111 , 12 
5, 18 , 197 , 94 , 115 , 11 
5, 19 , 191 , 105 , 104 , 13 
5, 20 , 188 , 105 , 104 , 12 
5, 21 , 192 , 102 , 100 , 12 
5, 22 , 186 , 99 , 100 , 11 
5, 23 , 180 , 97 , 102 , 10 
5, 24 , 184 , 94 , 101 , 12 
5, 25 , 192 , 100 , 105 , 13 
5, 26 , 194 , 100 , 98 , 12 
5, 27 , 207 , 96 , 103 , 11 
5, 28 , 185 , 99 , 101 , 10 
5, 29 , 201 , 99 , 95 , 11 
5, 30 , 189 , 97 , 94 , 10 
5, 31 , 203 , 99 , 102 , 11 
5, 32 , 180 , 92 , 95 , 12 
5, 33 , 183 , 91 , 90 , 12 
5, 34 , 193 , 97 , 93 , 12 
5, 35 , 184 , 92 , 99 , 9 
5, 36 , 174 , 88 , 105 , 9 
5, 37 , 177 , 98 , 103 , 11 
5, 38 , 190 , 92 , 94 , 8 
5, 39 , 188 , 89 , 96 , 10 
5, 40 , 184 , 96 , 87 , 12 
5, 41 , 178 , 90 , 85 , 9 
5, 42 , 175 , 90 , 80 , 10 
5, 43 , 176 , 83 , 82 , 12 
5, 44 , 170 , 78 , 88 , 11 
5, 45 , 184 , 78 , 85 , 10 
5, 46 , 178 , 87 , 80 , 10 
5, 47 , 171 , 86 , 81 , 11 
5, 48 , 167 , 80 , 80 , 11 
5, 49 , 152 , 78 , 77 , 9 
5, 50 , 159 , 84 , 83 , 10 
5, 51 , 196 , 82 , 81 , 11 
5, 52 , 185 , 81 , 83 , 11 
5, 53 , 189 , 81 , 79 , 10 
5, 54 , 178 , 77 , 73 , 12 
5, 55 , 161 , 72 , 83 , 9 
5, 56 , 154 , 79 , 72 , 11 
5, 57 , 181 , 76 , 74 , 8 
5, 58 , 168 , 78 , 83 , 8 
5, 59 , 144 , 74 , 80 , 11 
6, -   , 168 , 78 , 68 , 10 
6, 1 , 237 , 73 , 71 , 12 
6, 2 , 227 , 78 , 74 , 11 
6, 3 , 210 , 72 , 73 , 11 
6, 4 , 228 , 72 , 76 , 11 
6, 5 , 230 , 66 , 73 , 11 
6, 6 , 202 , 77 , 77 , 11 
6, 7 , 193 , 75 , 73 , 9 
6, 8 , 175 , 73 , 71 , 10 
6, 9 , 175 , 68 , 69 , 7 
6, 10 , 172 , 68 , 64 , 8 
6, 11 , 162 , 67 , 60 , 8 
6, 12 , 154 , 72 , 62 , 7 
6, 13 , 150 , 72 , 68 , 10 
6, 14 , 175 , 74 , 59 , 9 
6, 15 , 190 , 69 , 65 , 10 
6, 16 , 166 , 77 , 74 , 10 
6, 17 , 152 , 73 , 66 , 8 
6, 18 , 148 , 63 , 68 , 11 
6, 19 , 150 , 77 , 70 , 8 
6, 20 , 140 , 72 , 66 , 7 
6, 21 , 152 , 69 , 65 , 9 
6, 22 , 141 , 66 , 70 , 7 
6, 23 , 143 , 70 , 72 , 9 
6, 24 , 134 , 65 , 63 , 11 
6, 25 , 144 , 76 , 72 , 9 
6, 26 , 139 , 71 , 69 , 10 
6, 27 , 149 , 71 , 69 , 9 
6, 28 , 143 , 69 , 69 , 7 
6, 29 , 148 , 66 , 65 , 9 
6, 30 , 141 , 61 , 71 , 10 
6, 31 , 142 , 59 , 68 , 8 
6, 32 , 140 , 64 , 61 , 9 
6, 33 , 146 , 65 , 59 , 9 
6, 34 , 146 , 66 , 64 , 8 
6, 35 , 141 , 69 , 59 , 9 
6, 36 , 134 , 66 , 54 , 10 
6, 37 , 128 , 65 , 60 , 8 
6, 38 , 142 , 64 , 97 , 9 
6, 39 , 141 , 63 , 58 , 8 
6, 40 , 151 , 63 , 71 , 9 
6, 41 , 133 , 63 , 62 , 9 
6, 42 , 127 , 60 , 58 , 10 
6, 43 , 129 , 57 , 64 , 8 
6, 44 , 130 , 63 , 57 , 11 
6, 45 , 128 , 64 , 55 , 8 
6, 46 , 137 , 64 , 60 , 8 
6, 47 , 134 , 65 , 59 , 8 
6, 48 , 124 , 56 , 55 , 8 
6, 49 , 123 , 54 , 53 , 7 
6, 50 , 120 , 57 , 58 , 8 
6, 51 , 156 , 57 , 60 , 7 
6, 52 , 143 , 59 , 60 , 9 
6, 53 , 141 , 56 , 56 , 8 
6, 54 , 132 , 55 , 56 , 9 
6, 55 , 121 , 56 , 56 , 10 
6, 56 , 123 , 55 , 56 , 7 
6, 57 , 138 , 52 , 50 , 7 
6, 58 , 126 , 54 , 57 , 6 
6, 59 , 120 , 51 , 51 , 8 
7, -   , 137 , 54 , 49 , 7 
7, 1 , 175 , 54 , 51 , 8 
7, 2 , 183 , 59 , 52 , 7 
7, 3 , 165 , 54 , 71 , 7 
7, 4 , 176 , 53 , 48 , 9 
7, 5 , 164 , 48 , 51 , 7 
7, 6 , 158 , 58 , 50 , 7 
7, 7 , 144 , 51 , 42 , 8 
7, 8 , 137 , 50 , 49 , 6 
7, 9 , 129 , 56 , 47 , 9 
7, 10 , 128 , 52 , 48 , 8 
7, 11 , 132 , 47 , 44 , 8 
7, 12 , 120 , 49 , 45 , 8 
7, 13 , 117 , 49 , 43 , 7 
7, 14 , 133 , 52 , 45 , 8 
7, 15 , 141 , 48 , 46 , 8 
7, 16 , 134 , 47 , 50 , 10 
7, 17 , 115 , 51 , 46 , 9 
7, 18 , 117 , 44 , 42 , 8 
7, 19 , 111 , 48 , 42 , 9 
7, 20 , 112 , 45 , 49 , 8 
7, 21 , 105 , 46 , 47 , 8 
7, 22 , 106 , 54 , 49 , 9 
7, 23 , 126 , 54 , 49 , 10 
7, 24 , 110 , 40 , 47 , 10 
7, 25 , 113 , 45 , 45 , 8 
7, 26 , 112 , 52 , 44 , 9 
7, 27 , 114 , 53 , 42 , 8 
7, 28 , 112 , 49 , 39 , 9 
7, 29 , 108 , 46 , 43 , 9 
7, 30 , 114 , 44 , 43 , 9 
7, 31 , 112 , 37 , 38 , 8 
7, 32 , 112 , 45 , 35 , 9 
7, 33 , 120 , 44 , 39 , 9 
7, 34 , 117 , 46 , 39 , 8 
7, 35 , 125 , 47 , 38 , 9 
7, 36 , 102 , 52 , 38 , 8 
7, 37 , 105 , 47 , 33 , 9 
7, 38 , 124 , 48 , 39 , 7 
7, 39 , 121 , 43 , 40 , 7 
7, 40 , 110 , 54 , 33 , 7 
7, 41 , 114 , 45 , 35 , 9 
7, 42 , 109 , 48 , 39 , 6 
7, 43 , 104 , 43 , 39 , 7 
7, 44 , 112 , 39 , 41 , 8 
7, 45 , 112 , 45 , 42 , 7 
7, 46 , 108 , 43 , 37 , 8 
7, 47 , 107 , 44 , 36 , 8 
7, 48 , 95 , 42 , 36 , 10 
7, 49 , 91 , 37 , 40 , 8 
7, 50 , 104 , 40 , 37 , 8 
7, 51 , 113 , 40 , 37 , 9 
7, 52 , 108 , 41 , 35 , 8 
7, 53 , 102 , 43 , 37 , 7 
7, 54 , 103 , 39 , 35 , 8 
7, 55 , 94 , 38 , 39 , 7 
7, 56 , 93 , 39 , 42 , 7 
7, 57 , 101 , 44 , 40 , 8 
7, 58 , 95 , 42 , 42 , 7 
7, 59 , 97 , 46 , 41 , 7 
8, -   , 104 , 49 , 37 , 9 
8, 1 , 127 , 46 , 38 , 6 
8, 2 , 142 , 44 , 34 , 5 
8, 3 , 130 , 43 , 34 , 7 
8, 4 , 133 , 44 , 38 , 8 
8, 5 , 131 , 44 , 44 , 9 
8, 6 , 124 , 46 , 35 , 9 
8, 7 , 106 , 42 , 41 , 6 
8, 8 , 104 , 43 , 40 , 8 
8, 9 , 103 , 35 , 35 , 7 
8, 10 , 110 , 43 , 40 , 9 
8, 11 , 104 , 39 , 41 , 8 
8, 12 , 101 , 39 , 40 , 7 
8, 13 , 97 , 37 , 38 , 7 
8, 14 , 105 , 38 , 40 , 6 
8, 15 , 117 , 33 , 39 , 7 
8, 16 , 106 , 35 , 37 , 6 
8, 17 , 102 , 38 , 40 , 6 
8, 18 , 96 , 38 , 36 , 7 
8, 19 , 94 , 36 , 36 , 7 
8, 20 , 93 , 38 , 39 , 7 
8, 21 , 94 , 37 , 38 , 8 
8, 22 , 89 , 36 , 41 , 6 
8, 23 , 126 , 35 , 36 , 6 
8, 24 , 90 , 37 , 31 , 6 
8, 25 , 97 , 40 , 36 , 7 
8, 26 , 95 , 41 , 34 , 8 
8, 27 , 91 , 44 , 36 , 6 
8, 28 , 95 , 39 , 37 , 7 
8, 29 , 83 , 36 , 36 , 7 
8, 30 , 92 , 35 , 32 , 8 
8, 31 , 99 , 36 , 31 , 8 
8, 32 , 106 , 42 , 35 , 8 
8, 33 , 102 , 40 , 37 , 8 
8, 34 , 102 , 37 , 38 , 7 
8, 35 , 103 , 37 , 35 , 7 
8, 36 , 93 , 36 , 37 , 7 
8, 37 , 89 , 39 , 38 , 6 
8, 38 , 94 , 35 , 38 , 6 
8, 39 , 102 , 40 , 37 , 6 
8, 40 , 113 , 45 , 38 , 6 
8, 41 , 101 , 39 , 38 , 8 
8, 42 , 91 , 37 , 36 , 6 
8, 43 , 90 , 38 , 37 , 7 
8, 44 , 88 , 35 , 36 , 9 
8, 45 , 96 , 31 , 36 , 6 
8, 46 , 96 , 38 , 37 , 6 
8, 47 , 92 , 38 , 37 , 7 
8, 48 , 88 , 40 , 43 , 6 
8, 49 , 95 , 41 , 37 , 5 
8, 50 , 94 , 38 , 43 , 5 
8, 51 , 97 , 37 , 40 , 8 
8, 52 , 98 , 40 , 39 , 8 
8, 53 , 99 , 37 , 33 , 8 
8, 54 , 107 , 39 , 42 , 8 
8, 55 , 103 , 41 , 37 , 6 
8, 56 , 100 , 36 , 40 , 8 
8, 57 , 98 , 38 , 39 , 7 
8, 58 , 98 , 35 , 40 , 8 
8, 59 , 90 , 38 , 35 , 6 
9, -   , 100 , 39 , 41 , 7 
9, 1 , 112 , 37 , 44 , 6 
9, 2 , 123 , 41 , 38 , 6 
9, 3 , 116 , 41 , 42 , 7 
9, 4 , 124 , 40 , 44 , 5 
9, 5 , 126 , 39 , 45 , 8 
9, 6 , 117 , 42 , 48 , 6 
9, 7 , 114 , 40 , 46 , 6 
9, 8 , 112 , 42 , 45 , 7 
9, 9 , 105 , 40 , 41 , 6 
9, 10 , 112 , 40 , 48 , 7 
9, 11 , 105 , 41 , 42 , 7 
9, 12 , 99 , 42 , 41 , 7 
9, 13 , 105 , 46 , 46 , 8 
9, 14 , 110 , 46 , 49 , 8 
9, 15 , 111 , 43 , 42 , 7 
9, 16 , 105 , 48 , 49 , 6 
9, 17 , 110 , 48 , 46 , 8 
9, 18 , 100 , 45 , 43 , 7 
9, 19 , 97 , 39 , 47 , 7 
9, 20 , 107 , 40 , 48 , 6 
9, 21 , 99 , 38 , 48 , 6 
9, 22 , 105 , 46 , 49 , 7 
9, 23 , 100 , 45 , 48 , 7 
9, 24 , 96 , 40 , 51 , 7 
9, 25 , 102 , 38 , 53 , 7 
9, 26 , 103 , 37 , 55 , 7 
9, 27 , 101 , 40 , 55 , 7 
9, 28 , 100 , 40 , 48 , 7 
9, 29 , 107 , 42 , 49 , 7 
9, 30 , 99 , 41 , 52 , 7 
9, 31 , 100 , 46 , 52 , 8 
9, 32 , 100 , 48 , 50 , 8 
9, 33 , 109 , 45 , 57 , 9 
9, 34 , 110 , 44 , 57 , 7 
9, 35 , 108 , 45 , 54 , 9 
9, 36 , 109 , 50 , 58 , 9 
9, 37 , 114 , 48 , 64 , 10 
9, 38 , 111 , 46 , 65 , 10 
9, 39 , 107 , 49 , 69 , 11 
9, 40 , 106 , 51 , 64 , 10 
9, 41 , 108 , 48 , 64 , 11 
9, 42 , 110 , 42 , 65 , 7 
9, 43 , 102 , 47 , 58 , 7 
9, 44 , 111 , 49 , 52 , 7 
9, 45 , 115 , 55 , 61 , 7 
9, 46 , 111 , 54 , 61 , 7 
9, 47 , 100 , 53 , 68 , 8 
9, 48 , 98 , 46 , 64 , 6 
9, 49 , 107 , 47 , 68 , 8 
9, 50 , 99 , 47 , 62 , 9 
9, 51 , 119 , 48 , 59 , 8 
9, 52 , 111 , 52 , 70 , 8 
9, 53 , 109 , 50 , 65 , 9 
9, 54 , 112 , 50 , 66 , 8 
9, 55 , 108 , 49 , 60 , 8 
9, 56 , 104 , 49 , 65 , 11 
9, 57 , 118 , 58 , 71 , 8 
9, 58 , 123 , 52 , 74 , 8 
9, 59 , 123 , 55 , 73 , 9 
10, -   , 120 , 59 , 71 , 10 
10, 1 , 137 , 57 , 78 , 8 
10, 2 , 144 , 64 , 78 , 9 
10, 3 , 147 , 56 , 80 , 7 
10, 4 , 145 , 57 , 87 , 9 
10, 5 , 142 , 54 , 89 , 9 
10, 6 , 146 , 62 , 88 , 9 
10, 7 , 131 , 58 , 84 , 11 
10, 8 , 139 , 64 , 89 , 7 
10, 9 , 135 , 58 , 86 , 8 
10, 10 , 131 , 63 , 83 , 8 
10, 11 , 124 , 70 , 84 , 7 
10, 12 , 121 , 63 , 95 , 8 
10, 13 , 118 , 63 , 91 , 8 
10, 14 , 141 , 64 , 93 , 10 
10, 15 , 145 , 61 , 89 , 9 
10, 16 , 136 , 68 , 88 , 9 
10, 17 , 131 , 69 , 93 , 8 
10, 18 , 129 , 71 , 96 , 8 
10, 19 , 135 , 70 , 96 , 8 
10, 20 , 135 , 69 , 95 , 9 
10, 21 , 137 , 71 , 92 , 8 
10, 22 , 134 , 72 , 99 , 7 
10, 23 , 136 , 72 , 102 , 8 
10, 24 , 137 , 68 , 104 , 12 
10, 25 , 136 , 73 , 112 , 10 
10, 26 , 148 , 70 , 111 , 10 
10, 27 , 147 , 77 , 112 , 10 
10, 28 , 149 , 82 , 116 , 10 
10, 29 , 145 , 78 , 120 , 8 
10, 30 , 149 , 79 , 127 , 11 
10, 31 , 156 , 85 , 119 , 10 
10, 32 , 160 , 83 , 119 , 11 
10, 33 , 162 , 80 , 122 , 10 
10, 34 , 163 , 77 , 127 , 11 
10, 35 , 155 , 83 , 127 , 10 
10, 36 , 148 , 87 , 123 , 10 
10, 37 , 157 , 85 , 130 , 10 
10, 38 , 157 , 83 , 139 , 9 
10, 39 , 165 , 90 , 128 , 10 
10, 40 , 163 , 96 , 134 , 12 
10, 41 , 171 , 91 , 143 , 10 
10, 42 , 167 , 87 , 137 , 8 
10, 43 , 160 , 83 , 136 , 11 
10, 44 , 171 , 96 , 137 , 9 
10, 45 , 197 , 84 , 148 , 9 
10, 46 , 193 , 87 , 154 , 11 
10, 47 , 176 , 101 , 140 , 12 
10, 48 , 176 , 93 , 154 , 11 
10, 49 , 176 , 94 , 149 , 10 
10, 50 , 175 , 106 , 150 , 8 
10, 51 , 190 , 102 , 147 , 9 
10, 52 , 178 , 99 , 146 , 9 
10, 53 , 193 , 97 , 145 , 11 
10, 54 , 191 , 98 , 148 , 11 
10, 55 , 189 , 100 , 149 , 11 
10, 56 , 174 , 96 , 152 , 12 
10, 57 , 192 , 106 , 155 , 10 
10, 58 , 194 , 102 , 158 , 9 
10, 59 , 183 , 98 , 170 , 9 
11, -   , 206 , 100 , 156 , 9 
11, 1 , 240 , 100 , 153 , 11 
11, 2 , 237 , 112 , 155 , 11 
11, 3 , 228 , 115 , 174 , 13 
11, 4 , 233 , 115 , 177 , 13 
11, 5 , 238 , 108 , 176 , 11 
11, 6 , 233 , 112 , 175 , 14 
11, 7 , 228 , 126 , 171 , 11 
11, 8 , 220 , 108 , 166 , 14 
11, 9 , 218 , 115 , 159 , 13 
11, 10 , 221 , 124 , 166 , 13 
11, 11 , 211 , 120 , 167 , 13 
11, 12 , 220 , 115 , 175 , 13 
11, 13 , 227 , 125 , 182 , 11 
11, 14 , 239 , 131 , 174 , 14 
11, 15 , 241 , 129 , 176 , 12 
11, 16 , 233 , 124 , 187 , 11 
11, 17 , 236 , 127 , 194 , 12 
11, 18 , 229 , 128 , 186 , 14 
11, 19 , 223 , 135 , 191 , 11 
11, 20 , 235 , 139 , 194 , 11 
11, 21 , 229 , 145 , 188 , 13 
11, 22 , 236 , 147 , 193 , 11 
11, 23 , 261 , 140 , 193 , 12 
11, 24 , 241 , 140 , 191 , 13 
11, 25 , 242 , 140 , 196 , 13 
11, 26 , 260 , 135 , 198 , 13 
11, 27 , 260 , 145 , 191 , 13 
11, 28 , 257 , 150 , 201 , 11 
11, 29 , 255 , 144 , 199 , 14 
11, 30 , 268 , 145 , 189 , 12 
11, 31 , 266 , 141 , 202 , 13 
11, 32 , 257 , 153 , 207 , 11 
11, 33 , 270 , 149 , 194 , 11 
11, 34 , 260 , 156 , 211 , 15 
11, 35 , 258 , 150 , 208 , 13 
11, 36 , 255 , 152 , 223 , 13 
11, 37 , 266 , 150 , 213 , 12 
11, 38 , 276 , 153 , 217 , 11 
11, 39 , 288 , 154 , 216 , 13 
11, 40 , 295 , 152 , 218 , 14 
11, 41 , 291 , 158 , 222 , 15 
11, 42 , 286 , 156 , 218 , 15 
11, 43 , 284 , 161 , 226 , 14 
11, 44 , 291 , 157 , 226 , 15 
11, 45 , 304 , 151 , 229 , 12 
11, 46 , 306 , 172 , 226 , 11 
11, 47 , 301 , 160 , 228 , 13 
11, 48 , 299 , 150 , 228 , 13 
11, 49 , 311 , 160 , 234 , 13 
11, 50 , 326 , 163 , 239 , 14 
11, 51 , 344 , 176 , 229 , 15 
11, 52 , 335 , 164 , 228 , 15 
11, 53 , 330 , 162 , 227 , 14 
11, 54 , 323 , 160 , 235 , 15 
11, 55 , 323 , 178 , 245 , 16 
11, 56 , 319 , 168 , 229 , 16 
11, 57 , 337 , 172 , 228 , 14 
11, 58 , 344 , 173 , 231 , 14 
11, 59 , 317 , 166 , 229 , 15 
12, -   , 357 , 167 , 228 , 13 
12, 1 , 389 , 172 , 234 , 13 
12, 2 , 388 , 166 , 238 , 15 
12, 3 , 381 , 176 , 234 , 15 
12, 4 , 393 , 170 , 236 , 15 
12, 5 , 392 , 176 , 242 , 17 
12, 6 , 382 , 173 , 244 , 13 
12, 7 , 378 , 175 , 237 , 13 
12, 8 , 355 , 173 , 241 , 17 
12, 9 , 361 , 171 , 228 , 16 
12, 10 , 356 , 176 , 235 , 15 
12, 11 , 345 , 179 , 248 , 16 
12, 12 , 350 , 170 , 237 , 13 
12, 13 , 362 , 175 , 245 , 15 
12, 14 , 393 , 173 , 245 , 15 
12, 15 , 404 , 177 , 248 , 17 
12, 16 , 384 , 184 , 248 , 17 
12, 17 , 369 , 189 , 253 , 14 
12, 18 , 369 , 174 , 264 , 13 
12, 19 , 379 , 176 , 248 , 16 
12, 20 , 386 , 178 , 251 , 16 
12, 21 , 373 , 183 , 255 , 17 
12, 22 , 386 , 193 , 255 , 17 
12, 23 , 426 , 189 , 251 , 15 
12, 24 , 386 , 193 , 253 , 18 
12, 25 , 390 , 183 , 247 , 15 
12, 26 , 404 , 195 , 263 , 15 
12, 27 , 403 , 197 , 265 , 16 
12, 28 , 399 , 199 , 242 , 14 
12, 29 , 405 , 195 , 236 , 16 
12, 30 , 402 , 194 , 229 , 17 
12, 31 , 412 , 187 , 237 , 17 
12, 32 , 415 , 194 , 225 , 17 
12, 33 , 433 , 185 , 222 , 18 
12, 34 , 412 , 191 , 233 , 18 
12, 35 , 402 , 189 , 234 , 18 
12, 36 , 433 , 193 , 238 , 16 
12, 37 , 444 , 185 , 242 , 16 
12, 38 , 445 , 193 , 248 , 15 
12, 39 , 458 , 190 , 240 , 14 
12, 40 , 473 , 205 , 232 , 16 
12, 41 , 443 , 205 , 258 , 17 
12, 42 , 453 , 201 , 231 , 17 
12, 43 , 458 , 192 , 234 , 15 
12, 44 , 453 , 193 , 233 , 16 
12, 45 , 483 , 189 , 240 , 18 
12, 46 , 472 , 195 , 245 , 17 
12, 47 , 473 , 202 , 242 , 15 
12, 48 , 478 , 193 , 242 , 17 
12, 49 , 472 , 202 , 236 , 16 
12, 50 , 475 , 203 , 236 , 17 
12, 51 , 493 , 204 , 242 , 15 
12, 52 , 475 , 204 , 240 , 15 
12, 53 , 495 , 201 , 234 , 16 
12, 54 , 493 , 208 , 251 , 20 
12, 55 , 496 , 205 , 250 , 18 
12, 56 , 489 , 200 , 252 , 19 
12, 57 , 516 , 199 , 254 , 17 
12, 58 , 499 , 205 , 246 , 15 
12, 59 , 495 , 203 , 238 , 16 
13, -   , 535 , 196 , 233 , 18 
13, 1 , 610 , 190 , 230 , 18 
13, 2 , 574 , 196 , 229 , 18 
13, 3 , 595 , 197 , 242 , 18 
13, 4 , 629 , 194 , 231 , 17 
13, 5 , 597 , 193 , 230 , 19 
13, 6 , 553 , 203 , 232 , 18 
13, 7 , 542 , 196 , 223 , 17 
13, 8 , 558 , 191 , 231 , 17 
13, 9 , 530 , 187 , 242 , 16 
13, 10 , 533 , 204 , 232 , 14 
13, 11 , 531 , 204 , 241 , 16 
13, 12 , 541 , 206 , 246 , 19 
13, 13 , 553 , 200 , 243 , 18 
13, 14 , 593 , 198 , 240 , 17 
13, 15 , 603 , 195 , 223 , 19 
13, 16 , 582 , 194 , 231 , 16 
13, 17 , 562 , 202 , 224 , 18 
13, 18 , 557 , 197 , 235 , 16 
13, 19 , 563 , 202 , 224 , 16 
13, 20 , 568 , 194 , 223 , 17 
13, 21 , 576 , 195 , 226 , 19 
13, 22 , 571 , 202 , 231 , 15 
13, 23 , 576 , 198 , 227 , 19 
13, 24 , 575 , 194 , 230 , 18 
13, 25 , 591 , 200 , 226 , 16 
13, 26 , 602 , 199 , 235 , 17 
13, 27 , 589 , 197 , 212 , 15 
13, 28 , 598 , 198 , 226 , 17 
13, 29 , 596 , 186 , 221 , 16 
13, 30 , 603 , 197 , 201 , 15 
13, 31 , 584 , 188 , 210 , 17 
13, 32 , 586 , 191 , 214 , 18 
13, 33 , 611 , 193 , 217 , 19 
13, 34 , 605 , 195 , 215 , 18 
13, 35 , 601 , 203 , 207 , 20 
13, 36 , 610 , 208 , 213 , 16 
13, 37 , 606 , 205 , 207 , 19 
13, 38 , 642 , 198 , 197 , 19 
13, 39 , 665 , 196 , 214 , 18 
13, 40 , 637 , 203 , 200 , 23 
13, 41 , 633 , 206 , 200 , 17 
13, 42 , 633 , 204 , 202 , 17 
13, 43 , 625 , 195 , 210 , 18 
13, 44 , 644 , 199 , 206 , 16 
13, 45 , 668 , 194 , 213 , 19 
13, 46 , 650 , 194 , 202 , 19 
13, 47 , 637 , 192 , 210 , 20 
13, 48 , 651 , 187 , 213 , 19 
13, 49 , 641 , 186 , 213 , 19 
13, 50 , 656 , 205 , 209 , 19 
13, 51 , 691 , 183 , 202 , 18 
13, 52 , 658 , 190 , 211 , 17 
13, 53 , 669 , 187 , 205 , 19 
13, 54 , 653 , 201 , 195 , 19 
13, 55 , 638 , 187 , 200 , 15 
13, 56 , 648 , 191 , 198 , 18 
13, 57 , 681 , 197 , 190 , 20 
13, 58 , 647 , 193 , 186 , 17 
13, 59 , 631 , 179 , 198 , 18 
14, -   , 681 , 173 , 187 , 15 
14, 1 , 747 , 170 , 186 , 15 
14, 2 , 731 , 177 , 191 , 19 
14, 3 , 746 , 174 , 190 , 18 
14, 4 , 779 , 177 , 195 , 16 
14, 5 , 728 , 171 , 186 , 16 
14, 6 , 703 , 184 , 178 , 17 
14, 7 , 689 , 177 , 179 , 19 
14, 8 , 686 , 177 , 184 , 17 
14, 9 , 650 , 173 , 190 , 18 
14, 10 , 652 , 177 , 185 , 15 
14, 11 , 656 , 182 , 184 , 18 
14, 12 , 672 , 190 , 171 , 16 
14, 13 , 657 , 180 , 184 , 19 
14, 14 , 705 , 178 , 183 , 16 
14, 15 , 722 , 174 , 171 , 18 
14, 16 , 687 , 175 , 171 , 18 
14, 17 , 688 , 180 , 175 , 18 
14, 18 , 669 , 166 , 169 , 18 
14, 19 , 669 , 177 , 183 , 18 
14, 20 , 669 , 180 , 169 , 16 
14, 21 , 677 , 189 , 179 , 18 
14, 22 , 672 , 171 , 173 , 17 
14, 23 , 672 , 170 , 173 , 17 
14, 24 , 681 , 162 , 176 , 14 
14, 25 , 677 , 165 , 178 , 17 
14, 26 , 702 , 167 , 173 , 17 
14, 27 , 714 , 177 , 168 , 17 
14, 28 , 688 , 169 , 159 , 16 
14, 29 , 688 , 169 , 165 , 17 
14, 30 , 695 , 159 , 164 , 18 
14, 31 , 695 , 155 , 162 , 15 
14, 32 , 650 , 156 , 163 , 17 
14, 33 , 694 , 165 , 157 , 16 
14, 34 , 669 , 162 , 146 , 15 
14, 35 , 656 , 159 , 155 , 17 
14, 36 , 657 , 165 , 171 , 13 
14, 37 , 679 , 167 , 174 , 17 
14, 38 , 724 , 165 , 170 , 17 
14, 39 , 713 , 159 , 171 , 15 
14, 40 , 703 , 164 , 161 , 14 
14, 41 , 686 , 161 , 160 , 18 
14, 42 , 693 , 167 , 161 , 14 
14, 43 , 681 , 158 , 164 , 16 
14, 44 , 684 , 163 , 157 , 15 
14, 45 , 702 , 164 , 153 , 17 
14, 46 , 700 , 158 , 161 , 17 
14, 47 , 711 , 160 , 157 , 19 
14, 48 , 698 , 169 , 152 , 17 
14, 49 , 683 , 154 , 169 , 16 
14, 50 , 673 , 157 , 155 , 15 
14, 51 , 753 , 166 , 161 , 18 
14, 52 , 679 , 160 , 157 , 16 
14, 53 , 715 , 162 , 167 , 18 
14, 54 , 721 , 162 , 167 , 16 
14, 55 , 687 , 156 , 177 , 18 
14, 56 , 677 , 153 , 164 , 16 
14, 57 , 692 , 161 , 154 , 18 
14, 58 , 675 , 161 , 161 , 17 
14, 59 , 667 , 157 , 156 , 15 
15, -   , 743 , 154 , 150 , 18 
15, 1 , 820 , 157 , 151 , 15 
15, 2 , 767 , 158 , 154 , 15 
15, 3 , 768 , 161 , 149 , 13 
15, 4 , 835 , 149 , 155 , 13 
15, 5 , 749 , 157 , 141 , 15 
15, 6 , 705 , 161 , 146 , 16 
15, 7 , 696 , 150 , 144 , 16 
15, 8 , 674 , 151 , 142 , 15 
15, 9 , 665 , 151 , 142 , 15 
15, 10 , 679 , 155 , 144 , 18 
15, 11 , 677 , 147 , 141 , 15 
15, 12 , 678 , 144 , 142 , 14 
15, 13 , 657 , 142 , 138 , 15 
15, 14 , 710 , 155 , 142 , 18 
15, 15 , 757 , 148 , 147 , 15 
15, 16 , 662 , 147 , 144 , 18 
15, 17 , 664 , 145 , 146 , 15 
15, 18 , 682 , 143 , 142 , 16 
15, 19 , 666 , 146 , 143 , 16 
15, 20 , 673 , 138 , 135 , 16 
15, 21 , 664 , 139 , 132 , 15 
15, 22 , 646 , 145 , 133 , 13 
15, 23 , 670 , 147 , 139 , 17 
15, 24 , 654 , 142 , 141 , 14 
15, 25 , 662 , 146 , 141 , 13 
15, 26 , 647 , 140 , 128 , 13 
15, 27 , 674 , 152 , 143 , 15 
15, 28 , 655 , 139 , 144 , 16 
15, 29 , 657 , 145 , 136 , 15 
15, 30 , 672 , 144 , 132 , 15 
15, 31 , 664 , 142 , 133 , 13 
15, 32 , 647 , 137 , 129 , 14 
15, 33 , 675 , 144 , 137 , 15 
15, 34 , 679 , 150 , 138 , 14 
15, 35 , 647 , 151 , 137 , 14 
15, 36 , 648 , 143 , 128 , 15 
15, 37 , 640 , 150 , 132 , 14 
15, 38 , 698 , 138 , 136 , 13 
15, 39 , 675 , 138 , 141 , 15 
15, 40 , 668 , 158 , 137 , 15 
15, 41 , 649 , 148 , 124 , 14 
15, 42 , 657 , 133 , 133 , 15 
15, 43 , 652 , 140 , 125 , 11 
15, 44 , 692 , 133 , 131 , 13 
15, 45 , 680 , 140 , 139 , 14 
15, 46 , 658 , 137 , 127 , 14 
15, 47 , 632 , 135 , 125 , 16 
15, 48 , 640 , 129 , 119 , 16 
15, 49 , 630 , 125 , 120 , 14 
15, 50 , 615 , 129 , 131 , 14 
15, 51 , 668 , 122 , 126 , 16 
15, 52 , 631 , 127 , 118 , 13 
15, 53 , 649 , 124 , 114 , 13 
15, 54 , 641 , 122 , 114 , 13 
15, 55 , 614 , 119 , 113 , 13 
15, 56 , 609 , 125 , 122 , 15 
15, 57 , 649 , 119 , 121 , 15 
15, 58 , 628 , 129 , 117 , 15 
15, 59 , 619 , 119 , 118 , 13 
16, -   , 672 , 125 , 121 , 11 
16, 1 , 771 , 124 , 118 , 14 
16, 2 , 732 , 123 , 115 , 13 
16, 3 , 727 , 124 , 118 , 12 
16, 4 , 774 , 130 , 114 , 14 
16, 5 , 701 , 122 , 120 , 14 
16, 6 , 643 , 127 , 116 , 12 
16, 7 , 655 , 124 , 119 , 15 
16, 8 , 640 , 125 , 115 , 14 
16, 9 , 630 , 120 , 114 , 13 
16, 10 , 631 , 125 , 112 , 14 
16, 11 , 612 , 132 , 122 , 16 
16, 12 , 618 , 129 , 119 , 14 
16, 13 , 632 , 129 , 111 , 13 
16, 14 , 672 , 129 , 114 , 14 
16, 15 , 693 , 132 , 103 , 13 
16, 16 , 652 , 134 , 104 , 15 
16, 17 , 650 , 134 , 107 , 13 
16, 18 , 645 , 123 , 106 , 14 
16, 19 , 633 , 119 , 110 , 15 
16, 20 , 628 , 113 , 111 , 15 
16, 21 , 628 , 123 , 108 , 14 
16, 22 , 617 , 122 , 113 , 15 
16, 23 , 654 , 122 , 112 , 15 
16, 24 , 608 , 122 , 111 , 12 
16, 25 , 617 , 120 , 106 , 14 
16, 26 , 633 , 116 , 107 , 12 
16, 27 , 640 , 126 , 103 , 13 
16, 28 , 630 , 124 , 103 , 13 
16, 29 , 630 , 124 , 105 , 14 
16, 30 , 625 , 117 , 110 , 12 
16, 31 , 629 , 120 , 109 , 14 
16, 32 , 607 , 127 , 105 , 13 
16, 33 , 646 , 122 , 97 , 14 
16, 34 , 628 , 124 , 102 , 14 
16, 35 , 612 , 120 , 109 , 15 
16, 36 , 619 , 123 , 104 , 14 
16, 37 , 604 , 132 , 98 , 15 
16, 38 , 678 , 128 , 99 , 14 
16, 39 , 644 , 128 , 98 , 13 
16, 40 , 627 , 119 , 102 , 16 
16, 41 , 606 , 125 , 96 , 15 
16, 42 , 604 , 126 , 91 , 14 
16, 43 , 600 , 121 , 97 , 16 
16, 44 , 634 , 122 , 103 , 14 
16, 45 , 658 , 127 , 104 , 14 
16, 46 , 638 , 120 , 97 , 13 
16, 47 , 621 , 129 , 92 , 14 
16, 48 , 596 , 125 , 97 , 16 
16, 49 , 608 , 126 , 93 , 16 
16, 50 , 598 , 121 , 101 , 13 
16, 51 , 659 , 123 , 102 , 14 
16, 52 , 624 , 118 , 92 , 14 
16, 53 , 654 , 121 , 97 , 13 
16, 54 , 619 , 128 , 90 , 13 
16, 55 , 612 , 121 , 95 , 14 
16, 56 , 592 , 122 , 101 , 15 
16, 57 , 661 , 117 , 97 , 16 
16, 58 , 617 , 117 , 100 , 14 
16, 59 , 599 , 117 , 99 , 12 
17, -   , 651 , 123 , 94 , 14 
17, 1 , 762 , 120 , 97 , 15 
17, 2 , 704 , 117 , 95 , 14 
17, 3 , 690 , 121 , 99 , 14 
17, 4 , 737 , 123 , 93 , 14 
17, 5 , 674 , 117 , 87 , 16 
17, 6 , 623 , 119 , 82 , 14 
17, 7 , 627 , 109 , 87 , 14 
17, 8 , 618 , 112 , 94 , 14 
17, 9 , 605 , 115 , 91 , 15 
17, 10 , 614 , 120 , 86 , 13 
17, 11 , 599 , 115 , 86 , 13 
17, 12 , 595 , 122 , 94 , 15 
17, 13 , 602 , 123 , 86 , 15 
17, 14 , 641 , 125 , 90 , 17 
17, 15 , 684 , 124 , 97 , 15 
17, 16 , 631 , 125 , 88 , 15 
17, 17 , 598 , 126 , 84 , 17 
17, 18 , 592 , 126 , 100 , 13 
17, 19 , 598 , 123 , 107 , 16 
17, 20 , 614 , 116 , 96 , 14 
17, 21 , 588 , 120 , 97 , 12 
17, 22 , 600 , 123 , 100 , 13 
17, 23 , 580 , 119 , 93 , 13 
17, 24 , 597 , 123 , 95 , 14 
17, 25 , 615 , 120 , 94 , 13 
17, 26 , 644 , 128 , 86 , 13 
17, 27 , 605 , 127 , 79 , 14 
17, 28 , 606 , 121 , 94 , 14 
17, 29 , 600 , 118 , 92 , 14 
17, 30 , 607 , 115 , 95 , 12 
17, 31 , 588 , 121 , 91 , 12 
17, 32 , 574 , 118 , 90 , 10 
17, 33 , 585 , 120 , 94 , 14 
17, 34 , 584 , 114 , 86 , 12 
17, 35 , 573 , 112 , 83 , 14 
17, 36 , 583 , 109 , 86 , 11 
17, 37 , 571 , 113 , 90 , 12 
17, 38 , 636 , 118 , 91 , 15 
17, 39 , 610 , 106 , 83 , 13 
17, 40 , 601 , 107 , 77 , 11 
17, 41 , 603 , 119 , 90 , 12 
17, 42 , 587 , 114 , 82 , 16 
17, 43 , 598 , 111 , 91 , 13 
17, 44 , 611 , 110 , 81 , 13 
17, 45 , 627 , 119 , 80 , 13 
17, 46 , 594 , 113 , 91 , 13 
17, 47 , 597 , 114 , 93 , 12 
17, 48 , 578 , 108 , 91 , 15 
17, 49 , 583 , 112 , 84 , 14 
17, 50 , 546 , 109 , 88 , 11 
17, 51 , 626 , 112 , 85 , 10 
17, 52 , 585 , 113 , 90 , 11 
17, 53 , 602 , 109 , 85 , 12 
17, 54 , 568 , 108 , 88 , 11 
17, 55 , 560 , 104 , 86 , 11 
17, 56 , 561 , 100 , 85 , 13 
17, 57 , 606 , 112 , 80 , 12 
17, 58 , 576 , 116 , 81 , 13 
17, 59 , 558 , 104 , 83 , 13 
18, -   , 606 , 120 , 75 , 12 
18, 1 , 723 , 113 , 80 , 11 
18, 2 , 677 , 113 , 70 , 12 
18, 3 , 685 , 110 , 82 , 12 
18, 4 , 726 , 125 , 80 , 12 
18, 5 , 664 , 117 , 77 , 13 
18, 6 , 586 , 122 , 78 , 12 
18, 7 , 576 , 118 , 83 , 13 
18, 8 , 589 , 105 , 82 , 11 
18, 9 , 582 , 108 , 89 , 11 
18, 10 , 565 , 99 , 88 , 12 
18, 11 , 567 , 104 , 85 , 11 
18, 12 , 536 , 116 , 90 , 12 
18, 13 , 541 , 101 , 86 , 12 
18, 14 , 597 , 101 , 87 , 13 
18, 15 , 614 , 111 , 86 , 11 
18, 16 , 563 , 108 , 85 , 10 
18, 17 , 560 , 111 , 82 , 12 
18, 18 , 565 , 117 , 84 , 11 
18, 19 , 566 , 107 , 82 , 12 
18, 20 , 593 , 114 , 84 , 11 
18, 21 , 563 , 111 , 83 , 12 
18, 22 , 562 , 109 , 82 , 11 
18, 23 , 553 , 116 , 80 , 10 
18, 24 , 559 , 111 , 81 , 10 
18, 25 , 532 , 112 , 82 , 12 
18, 26 , 579 , 109 , 87 , 10 
18, 27 , 575 , 110 , 84 , 11 
18, 28 , 554 , 117 , 89 , 12 
18, 29 , 566 , 119 , 91 , 12 
18, 30 , 548 , 118 , 83 , 13 
18, 31 , 565 , 110 , 87 , 11 
18, 32 , 537 , 111 , 88 , 13 
18, 33 , 554 , 120 , 86 , 12 
18, 34 , 549 , 106 , 81 , 12 
18, 35 , 544 , 113 , 76 , 11 
18, 36 , 544 , 111 , 76 , 12 
18, 37 , 546 , 117 , 81 , 9 
18, 38 , 602 , 114 , 80 , 11 
18, 39 , 573 , 115 , 81 , 11 
18, 40 , 559 , 105 , 80 , 10 
18, 41 , 557 , 105 , 76 , 13 
18, 42 , 537 , 115 , 87 , 10 
18, 43 , 540 , 108 , 80 , 12 
18, 44 , 566 , 106 , 75 , 10 
18, 45 , 587 , 103 , 75 , 10 
18, 46 , 568 , 101 , 80 , 10 
18, 47 , 570 , 103 , 77 , 11 
18, 48 , 551 , 102 , 81 , 11 
18, 49 , 546 , 104 , 91 , 13 
18, 50 , 544 , 106 , 87 , 10 
18, 51 , 605 , 110 , 81 , 10 
18, 52 , 544 , 108 , 73 , 10 
18, 53 , 581 , 99 , 71 , 11 
18, 54 , 558 , 107 , 73 , 10 
18, 55 , 547 , 99 , 75 , 12 
18, 56 , 528 , 102 , 76 , 9 
18, 57 , 584 , 97 , 78 , 11 
18, 58 , 545 , 104 , 69 , 12 
18, 59 , 523 , 98 , 76 , 11 
19, -   , 580 , 104 , 80 , 10 
19, 1 , 670 , 98 , 73 , 10 
19, 2 , 614 , 96 , 73 , 9 
19, 3 , 611 , 95 , 74 , 9 
19, 4 , 655 , 94 , 71 , 9 
19, 5 , 630 , 101 , 77 , 10 
19, 6 , 577 , 107 , 75 , 10 
19, 7 , 539 , 98 , 71 , 11 
19, 8 , 556 , 100 , 72 , 10 
19, 9 , 535 , 102 , 76 , 10 
19, 10 , 515 , 95 , 71 , 11 
19, 11 , 507 , 93 , 77 , 10 
19, 12 , 529 , 93 , 76 , 11 
19, 13 , 509 , 96 , 76 , 12 
19, 14 , 564 , 102 , 76 , 10 
19, 15 , 583 , 99 , 68 , 10 
19, 16 , 526 , 97 , 74 , 9 
19, 17 , 528 , 105 , 73 , 9 
19, 18 , 524 , 99 , 71 , 8 
19, 19 , 525 , 98 , 65 , 8 
19, 20 , 530 , 100 , 67 , 10 
19, 21 , 513 , 92 , 72 , 10 
19, 22 , 504 , 99 , 71 , 10 
19, 23 , 545 , 95 , 71 , 7 
19, 24 , 519 , 102 , 76 , 11 
19, 25 , 534 , 100 , 70 , 10 
19, 26 , 554 , 95 , 67 , 9 
19, 27 , 550 , 97 , 68 , 8 
19, 28 , 545 , 102 , 71 , 9 
19, 29 , 548 , 101 , 69 , 10 
19, 30 , 544 , 102 , 71 , 11 
19, 31 , 543 , 106 , 72 , 10 
19, 32 , 525 , 101 , 68 , 9 
19, 33 , 547 , 104 , 71 , 8 
19, 34 , 530 , 97 , 73 , 9 
19, 35 , 526 , 99 , 72 , 8 
19, 36 , 526 , 95 , 77 , 10 
19, 37 , 518 , 105 , 70 , 11 
19, 38 , 557 , 100 , 68 , 10 
19, 39 , 572 , 100 , 69 , 10 
19, 40 , 554 , 104 , 75 , 10 
19, 41 , 546 , 99 , 71 , 11 
19, 42 , 534 , 98 , 70 , 12 
19, 43 , 528 , 106 , 70 , 10 
19, 44 , 531 , 97 , 71 , 11 
19, 45 , 593 , 102 , 71 , 7 
19, 46 , 560 , 100 , 76 , 9 
19, 47 , 549 , 101 , 74 , 9 
19, 48 , 547 , 97 , 71 , 10 
19, 49 , 551 , 99 , 71 , 10 
19, 50 , 551 , 103 , 70 , 10 
19, 51 , 601 , 101 , 74 , 10 
19, 52 , 541 , 102 , 67 , 9 
19, 53 , 576 , 95 , 70 , 10 
19, 54 , 542 , 98 , 78 , 9 
19, 55 , 530 , 96 , 73 , 8 
19, 56 , 529 , 91 , 72 , 7 
19, 57 , 590 , 107 , 72 , 8 
19, 58 , 539 , 100 , 66 , 10 
19, 59 , 532 , 96 , 82 , 8 
20, -   , 588 , 103 , 78 , 10 
20, 1 , 675 , 97 , 70 , 8 
20, 2 , 664 , 93 , 79 , 8 
20, 3 , 667 , 99 , 83 , 9 
20, 4 , 706 , 98 , 75 , 10 
20, 5 , 613 , 98 , 84 , 9 
20, 6 , 575 , 101 , 73 , 9 
20, 7 , 556 , 98 , 71 , 10 
20, 8 , 534 , 98 , 65 , 8 
20, 9 , 511 , 87 , 71 , 11 
20, 10 , 516 , 94 , 63 , 9 
20, 11 , 513 , 89 , 72 , 10 
20, 12 , 519 , 87 , 68 , 11 
20, 13 , 508 , 91 , 68 , 11 
20, 14 , 547 , 100 , 77 , 9 
20, 15 , 579 , 93 , 76 , 8 
20, 16 , 527 , 87 , 76 , 8 
20, 17 , 516 , 90 , 76 , 8 
20, 18 , 498 , 88 , 79 , 9 
20, 19 , 504 , 92 , 130 , 8 
20, 20 , 502 , 88 , 107 , 8 
20, 21 , 486 , 92 , 76 , 9 
20, 22 , 490 , 93 , 80 , 8 
20, 23 , 568 , 94 , 81 , 8 
20, 24 , 482 , 93 , 76 , 7 
20, 25 , 484 , 96 , 73 , 9 
20, 26 , 510 , 95 , 74 , 8 
20, 27 , 527 , 92 , 69 , 8 
20, 28 , 514 , 87 , 75 , 9 
20, 29 , 498 , 85 , 80 , 8 
20, 30 , 496 , 91 , 75 , 9 
20, 31 , 505 , 82 , 68 , 8 
20, 32 , 488 , 84 , 73 , 7 
20, 33 , 510 , 90 , 78 , 8 
20, 34 , 488 , 90 , 80 , 7 
20, 35 , 493 , 90 , 71 , 9 
20, 36 , 487 , 85 , 75 , 8 
20, 37 , 487 , 95 , 65 , 8 
20, 38 , 531 , 93 , 64 , 8 
20, 39 , 532 , 96 , 71 , 7 
20, 40 , 512 , 91 , 72 , 9 
20, 41 , 497 , 92 , 70 , 9 
20, 42 , 486 , 93 , 75 , 10 
20, 43 , 480 , 88 , 71 , 8 
20, 44 , 494 , 92 , 69 , 9 
20, 45 , 523 , 94 , 72 , 9 
20, 46 , 495 , 92 , 74 , 10 
20, 47 , 493 , 93 , 76 , 9 
20, 48 , 483 , 89 , 69 , 8 
20, 49 , 475 , 89 , 69 , 9 
20, 50 , 477 , 90 , 75 , 6 
20, 51 , 537 , 96 , 70 , 10 
20, 52 , 496 , 95 , 75 , 8 
20, 53 , 527 , 90 , 70 , 9 
20, 54 , 485 , 92 , 67 , 7 
20, 55 , 467 , 90 , 70 , 7 
20, 56 , 451 , 91 , 76 , 8 
20, 57 , 523 , 93 , 74 , 9 
20, 58 , 488 , 88 , 74 , 9 
20, 59 , 475 , 91 , 69 , 9 
21, -   , 537 , 93 , 67 , 7 
21, 1 , 615 , 89 , 76 , 9 
21, 2 , 586 , 92 , 65 , 8 
21, 3 , 554 , 93 , 75 , 9 
21, 4 , 629 , 96 , 72 , 8 
21, 5 , 535 , 89 , 74 , 8 
21, 6 , 502 , 97 , 72 , 7 
21, 7 , 489 , 90 , 71 , 10 
21, 8 , 468 , 92 , 71 , 8 
21, 9 , 469 , 91 , 81 , 7 
21, 10 , 474 , 85 , 82 , 8 
21, 11 , 456 , 86 , 84 , 11 
21, 12 , 470 , 92 , 84 , 8 
21, 13 , 470 , 90 , 79 , 9 
21, 14 , 491 , 86 , 74 , 7 
21, 15 , 507 , 90 , 71 , 9 
21, 16 , 459 , 90 , 81 , 7 
21, 17 , 450 , 83 , 79 , 8 
21, 18 , 454 , 77 , 80 , 9 
21, 19 , 438 , 80 , 83 , 7 
21, 20 , 453 , 78 , 80 , 8 
21, 21 , 446 , 88 , 78 , 6 
21, 22 , 425 , 84 , 69 , 6 
21, 23 , 433 , 91 , 76 , 7 
21, 24 , 436 , 92 , 74 , 8 
21, 25 , 434 , 85 , 81 , 7 
21, 26 , 460 , 84 , 73 , 8 
21, 27 , 481 , 95 , 72 , 8 
21, 28 , 448 , 93 , 78 , 8 
21, 29 , 467 , 82 , 76 , 9 
21, 30 , 450 , 87 , 82 , 8 
21, 31 , 451 , 89 , 90 , 8 
21, 32 , 425 , 95 , 81 , 7 
21, 33 , 452 , 95 , 78 , 7 
21, 34 , 450 , 90 , 80 , 8 
21, 35 , 428 , 87 , 80 , 8 
21, 36 , 436 , 90 , 85 , 8 
21, 37 , 423 , 87 , 81 , 6 
21, 38 , 466 , 88 , 77 , 7 
21, 39 , 466 , 84 , 77 , 9 
21, 40 , 450 , 92 , 82 , 7 
21, 41 , 431 , 98 , 75 , 7 
21, 42 , 428 , 101 , 86 , 6 
21, 43 , 420 , 97 , 87 , 7 
21, 44 , 462 , 87 , 87 , 8 
21, 45 , 478 , 86 , 83 , 8 
21, 46 , 440 , 89 , 93 , 7 
21, 47 , 448 , 94 , 90 , 8 
21, 48 , 423 , 88 , 82 , 10 
21, 49 , 420 , 90 , 81 , 7 
21, 50 , 424 , 92 , 85 , 9 
21, 51 , 476 , 90 , 83 , 10 
21, 52 , 427 , 92 , 81 , 10 
21, 53 , 447 , 89 , 87 , 10 
21, 54 , 409 , 88 , 86 , 11 
21, 55 , 404 , 93 , 87 , 13 
21, 56 , 449 , 108 , 95 , 13 
21, 57 , 516 , 115 , 96 , 14 
21, 58 , 479 , 126 , 95 , 11 
21, 59 , 456 , 130 , 85 , 12 
22, -   , 530 , 119 , 90 , 11 
22, 1 , 618 , 125 , 91 , 11 
22, 2 , 562 , 127 , 93 , 11 
22, 3 , 584 , 131 , 104 , 10 
22, 4 , 616 , 138 , 105 , 13 
22, 5 , 548 , 136 , 102 , 13 
22, 6 , 510 , 136 , 101 , 12 
22, 7 , 468 , 122 , 98 , 12 
22, 8 , 468 , 129 , 95 , 12 
22, 9 , 447 , 133 , 90 , 13 
22, 10 , 429 , 125 , 93 , 12 
22, 11 , 437 , 121 , 100 , 11 
22, 12 , 450 , 130 , 105 , 11 
22, 13 , 452 , 136 , 107 , 14 
22, 14 , 487 , 137 , 105 , 13 
22, 15 , 525 , 142 , 104 , 15 
22, 16 , 463 , 141 , 103 , 13 
22, 17 , 438 , 136 , 102 , 14 
22, 18 , 443 , 134 , 105 , 14 
22, 19 , 435 , 142 , 107 , 14 
22, 20 , 426 , 133 , 104 , 14 
22, 21 , 426 , 141 , 104 , 12 
22, 22 , 412 , 157 , 105 , 11 
22, 23 , 417 , 148 , 99 , 10 
22, 24 , 409 , 150 , 110 , 10 
22, 25 , 408 , 144 , 106 , 10 
22, 26 , 440 , 153 , 112 , 10 
22, 27 , 435 , 154 , 116 , 11 
22, 28 , 416 , 160 , 110 , 12 
22, 29 , 414 , 158 , 112 , 12 
22, 30 , 423 , 151 , 101 , 13 
22, 31 , 420 , 156 , 112 , 11 
22, 32 , 404 , 155 , 113 , 11 
22, 33 , 411 , 160 , 106 , 11 
22, 34 , 402 , 162 , 106 , 13 
22, 35 , 380 , 156 , 104 , 9 
22, 36 , 385 , 154 , 113 , 12 
22, 37 , 385 , 162 , 115 , 14 
22, 38 , 421 , 165 , 111 , 12 
22, 39 , 416 , 155 , 107 , 13 
22, 40 , 396 , 157 , 108 , 14 
22, 41 , 393 , 153 , 106 , 10 
22, 42 , 374 , 156 , 112 , 14 
22, 43 , 373 , 150 , 114 , 15 
22, 44 , 399 , 152 , 110 , 10 
22, 45 , 438 , 152 , 113 , 11 
22, 46 , 412 , 140 , 115 , 11 
22, 47 , 412 , 141 , 121 , 12 
22, 48 , 396 , 148 , 123 , 15 
22, 49 , 405 , 147 , 120 , 13 
22, 50 , 392 , 151 , 122 , 16 
22, 51 , 457 , 149 , 117 , 11 
22, 52 , 395 , 152 , 114 , 11 
22, 53 , 426 , 155 , 119 , 14 
22, 54 , 393 , 150 , 108 , 14 
22, 55 , 368 , 150 , 114 , 12 
22, 56 , 366 , 146 , 115 , 10 
22, 57 , 423 , 154 , 120 , 13 
22, 58 , 388 , 145 , 113 , 11 
22, 59 , 366 , 147 , 121 , 11 
23, -   , 434 , 151 , 113 , 12 
23, 1 , 515 , 148 , 110 , 11 
23, 2 , 499 , 143 , 116 , 10 
23, 3 , 470 , 129 , 119 , 11 
23, 4 , 514 , 134 , 114 , 11 
23, 5 , 448 , 138 , 114 , 12 
23, 6 , 396 , 141 , 106 , 10 
23, 7 , 374 , 136 , 110 , 10 
23, 8 , 375 , 135 , 118 , 12 
23, 9 , 348 , 134 , 122 , 12 
23, 10 , 350 , 135 , 114 , 9 
23, 11 , 336 , 140 , 110 , 13 
23, 12 , 351 , 132 , 106 , 11 
23, 13 , 354 , 137 , 117 , 11 
23, 14 , 411 , 140 , 111 , 9 
23, 15 , 433 , 142 , 107 , 10 
23, 16 , 378 , 138 , 115 , 10 
23, 17 , 345 , 134 , 114 , 11 
23, 18 , 329 , 136 , 101 , 9 
23, 19 , 335 , 133 , 120 , 9 
23, 20 , 344 , 136 , 116 , 8 
23, 21 , 334 , 132 , 112 , 12 
23, 22 , 324 , 128 , 118 , 11 
23, 23 , 345 , 135 , 116 , 10 
23, 24 , 315 , 133 , 112 , 10 
23, 25 , 314 , 126 , 111 , 13 
23, 26 , 347 , 134 , 114 , 10 
23, 27 , 347 , 134 , 110 , 12 
23, 28 , 324 , 137 , 110 , 10 
23, 29 , 337 , 134 , 120 , 11 
23, 30 , 327 , 136 , 117 , 9 
23, 31 , 338 , 135 , 111 , 8 
23, 32 , 302 , 149 , 106 , 10 
23, 33 , 322 , 133 , 107 , 11 
23, 34 , 294 , 120 , 98 , 10 
23, 35 , 276 , 113 , 104 , 9 
23, 36 , 286 , 109 , 105 , 8 
23, 37 , 288 , 114 , 112 , 8 
23, 38 , 310 , 105 , 116 , 10 
23, 39 , 324 , 110 , 113 , 11 
23, 40 , 313 , 111 , 104 , 10 
23, 41 , 304 , 108 , 117 , 9 
23, 42 , 285 , 121 , 119 , 8 
23, 43 , 288 , 126 , 118 , 7 
23, 44 , 304 , 114 , 117 , 8 
23, 45 , 366 , 114 , 115 , 9 
23, 46 , 306 , 115 , 116 , 8 
23, 47 , 297 , 115 , 119 , 8 
23, 48 , 289 , 119 , 115 , 9 
23, 49 , 286 , 121 , 123 , 7 
23, 50 , 289 , 106 , 121 , 10 
23, 51 , 345 , 108 , 120 , 10 
23, 52 , 301 , 111 , 119 , 9 
23, 53 , 329 , 113 , 119 , 9 
23, 54 , 302 , 104 , 112 , 7 
23, 55 , 280 , 106 , 120 , 9 
23, 56 , 272 , 111 , 122 , 9 
23, 57 , 335 , 106 , 120 , 10 
23, 58 , 295 , 111 , 116 , 9 
23, 59 , 276 , 108 , 114 , 9 
